invariants generated with modified swagger ,invariant generated with original swagger,TRUE/FALSE,invariant generated with original swagger,invariants_org_Swagger_updated_csv,TRUE/FALSE,,,,,,,,,,,
failed to get console mode for stdout: The handle is invalid.,failed to get console mode for stdout: The handle is invalid.,TRUE,failed to get console mode for stdout: The handle is invalid.,failed to get console mode for stdout: The handle is invalid.,TRUE,,,,,,,,,,,
/shopping/hotel-offers&getMultiHotelOffers&200&data&offers&price&taxes():::EXIT;return.amount is Numeric;daikon.inv.unary.string.IsNumeric;(return.amount),/shopping/hotel-offers&getMultiHotelOffers&200&data&offers&price&taxes():::EXIT;return.amount is Numeric;daikon.inv.unary.string.IsNumeric;(return.amount),TRUE,/shopping/hotel-offers&getMultiHotelOffers&200&data&offers&price&taxes():::EXIT;return.amount is Numeric;daikon.inv.unary.string.IsNumeric;(return.amount),/shopping/hotel-offers&getMultiHotelOffers&200&data&offers&price&taxes():::EXIT;return.amount is Numeric;daikon.inv.unary.string.IsNumeric;(return.amount),TRUE,,,,,,,,,,,
/shopping/hotel-offers&getMultiHotelOffers&200&data&offers&price&taxes():::EXIT;LENGTH(return.currency)==3;daikon.inv.unary.string.FixedLengthString;(return.currency),/shopping/hotel-offers&getMultiHotelOffers&200&data&offers&price&taxes():::EXIT;LENGTH(return.currency)==3;daikon.inv.unary.string.FixedLengthString;(return.currency),TRUE,/shopping/hotel-offers&getMultiHotelOffers&200&data&offers&price&taxes():::EXIT;LENGTH(return.currency)==3;daikon.inv.unary.string.FixedLengthString;(return.currency),/shopping/hotel-offers&getMultiHotelOffers&200&data&offers&price&taxes():::EXIT;LENGTH(return.currency)==3;daikon.inv.unary.string.FixedLengthString;(return.currency),TRUE,,,,,,,,,,,
/shopping/hotel-offers&getMultiHotelOffers&200&data&offers&price&taxes():::EXIT;LENGTH(return.percentage)==5;daikon.inv.unary.string.FixedLengthString;(return.percentage),/shopping/hotel-offers&getMultiHotelOffers&200&data&offers&price&taxes():::EXIT;LENGTH(return.percentage)==5;daikon.inv.unary.string.FixedLengthString;(return.percentage),TRUE,/shopping/hotel-offers&getMultiHotelOffers&200&data&offers&price&taxes():::EXIT;LENGTH(return.percentage)==5;daikon.inv.unary.string.FixedLengthString;(return.percentage),/shopping/hotel-offers&getMultiHotelOffers&200&data&offers&price&taxes():::EXIT;LENGTH(return.percentage)==5;daikon.inv.unary.string.FixedLengthString;(return.percentage),TRUE,,,,,,,,,,,
/shopping/hotel-offers&getMultiHotelOffers&200&data&offers&price&taxes():::EXIT;return.percentage is Numeric;daikon.inv.unary.string.IsNumeric;(return.percentage),/shopping/hotel-offers&getMultiHotelOffers&200&data&offers&price&taxes():::EXIT;return.percentage is Numeric;daikon.inv.unary.string.IsNumeric;(return.percentage),TRUE,/shopping/hotel-offers&getMultiHotelOffers&200&data&offers&price&taxes():::EXIT;return.percentage is Numeric;daikon.inv.unary.string.IsNumeric;(return.percentage),/shopping/hotel-offers&getMultiHotelOffers&200&data&offers&price&taxes():::EXIT;return.percentage is Numeric;daikon.inv.unary.string.IsNumeric;(return.percentage),TRUE,,,,,,,,,,,
/shopping/hotel-offers&getMultiHotelOffers&200&data&offers&price&taxes():::EXIT;return.pricingFrequency one of { "PER_NIGHT",/shopping/hotel-offers&getMultiHotelOffers&200&data&offers&price&taxes():::EXIT;return.pricingFrequency one of { "PER_NIGHT",TRUE,/shopping/hotel-offers&getMultiHotelOffers&200&data&offers&price&taxes():::EXIT;return.pricingFrequency one of { "PER_NIGHT",/shopping/hotel-offers&getMultiHotelOffers&200&data&offers&price&taxes():::EXIT;return.pricingFrequency one of { "PER_NIGHT",TRUE,,,,,,,,,,,
/shopping/hotel-offers&getMultiHotelOffers&200&data&offers&price&taxes():::EXIT;return.pricingMode one of { "PER_OCCUPANT",/shopping/hotel-offers&getMultiHotelOffers&200&data&offers&price&taxes():::EXIT;return.pricingMode one of { "PER_OCCUPANT",TRUE,/shopping/hotel-offers&getMultiHotelOffers&200&data&offers&price&taxes():::EXIT;return.pricingMode one of { "PER_OCCUPANT",/shopping/hotel-offers&getMultiHotelOffers&200&data&offers&price&taxes():::EXIT;return.pricingMode one of { "PER_OCCUPANT",TRUE,,,,,,,,,,,
/shopping/hotel-offers&getMultiHotelOffers&200&data&offers&price&variations&changes():::EXIT;return.base == return.total;daikon.inv.binary.twoString.StringEqual;(return.base,/shopping/hotel-offers&getMultiHotelOffers&200&data&offers&price&variations&changes():::EXIT;return.total == return.base;daikon.inv.binary.twoString.StringEqual;(return.total,FALSE,/shopping/hotel-offers&getMultiHotelOffers&200&data&offers&price&variations&changes():::EXIT;return.total == return.base;daikon.inv.binary.twoString.StringEqual;(return.total,/shopping/hotel-offers&getMultiHotelOffers&200&data&offers&price&variations&changes():::EXIT;return.total == return.base;daikon.inv.binary.twoString.StringEqual;(return.total,TRUE,,,,,,,,,,,
/shopping/hotel-offers&getMultiHotelOffers&200&data&offers&price&variations&changes():::EXIT;return.base is Numeric;daikon.inv.unary.string.IsNumeric;(return.base),/shopping/hotel-offers&getMultiHotelOffers&200&data&offers&price&variations&changes():::EXIT;return.startDate is a Date. Format: YYYY/MM/DD;daikon.inv.unary.string.dates.IsDateYYYYMMDD;(return.startDate),TRUE,/shopping/hotel-offers&getMultiHotelOffers&200&data&offers&price&variations&changes():::EXIT;return.startDate is a Date. Format: YYYY/MM/DD;daikon.inv.unary.string.dates.IsDateYYYYMMDD;(return.startDate),/shopping/hotel-offers&getMultiHotelOffers&200&data&offers&price&variations&changes():::EXIT;return.startDate is a Date. Format: YYYY/MM/DD;daikon.inv.unary.string.dates.IsDateYYYYMMDD;(return.startDate),TRUE,,,,,,,,,,,
/shopping/hotel-offers&getMultiHotelOffers&200&data&offers&price&variations&changes():::EXIT;return.endDate is a Date. Format: YYYY/MM/DD;daikon.inv.unary.string.dates.IsDateYYYYMMDD;(return.endDate),/shopping/hotel-offers&getMultiHotelOffers&200&data&offers&price&variations&changes():::EXIT;return.endDate is a Date. Format: YYYY/MM/DD;daikon.inv.unary.string.dates.IsDateYYYYMMDD;(return.endDate),TRUE,/shopping/hotel-offers&getMultiHotelOffers&200&data&offers&price&variations&changes():::EXIT;return.endDate is a Date. Format: YYYY/MM/DD;daikon.inv.unary.string.dates.IsDateYYYYMMDD;(return.endDate),/shopping/hotel-offers&getMultiHotelOffers&200&data&offers&price&variations&changes():::EXIT;return.endDate is a Date. Format: YYYY/MM/DD;daikon.inv.unary.string.dates.IsDateYYYYMMDD;(return.endDate),TRUE,,,,,,,,,,,
/shopping/hotel-offers&getMultiHotelOffers&200&data&offers&price&variations&changes():::EXIT;return.markups == null;daikon.inv.unary.scalar.OneOfScalar;(return.markups),/shopping/hotel-offers&getMultiHotelOffers&200&data&offers&price&variations&changes():::EXIT;return.total is Numeric;daikon.inv.unary.string.IsNumeric;(return.total),TRUE,/shopping/hotel-offers&getMultiHotelOffers&200&data&offers&price&variations&changes():::EXIT;return.total is Numeric;daikon.inv.unary.string.IsNumeric;(return.total),/shopping/hotel-offers&getMultiHotelOffers&200&data&offers&price&variations&changes():::EXIT;return.total is Numeric;daikon.inv.unary.string.IsNumeric;(return.total),TRUE,,,,,,,,,,,
/shopping/hotel-offers&getMultiHotelOffers&200&data&offers&price&variations&changes():::EXIT;return.startDate is a Date. Format: YYYY/MM/DD;daikon.inv.unary.string.dates.IsDateYYYYMMDD;(return.startDate),/shopping/hotel-offers&getMultiHotelOffers&200&data&offers&price&variations&changes():::EXIT;return.base is Numeric;daikon.inv.unary.string.IsNumeric;(return.base),TRUE,/shopping/hotel-offers&getMultiHotelOffers&200&data&offers&price&variations&changes():::EXIT;return.base is Numeric;daikon.inv.unary.string.IsNumeric;(return.base),/shopping/hotel-offers&getMultiHotelOffers&200&data&offers&price&variations&changes():::EXIT;return.base is Numeric;daikon.inv.unary.string.IsNumeric;(return.base),TRUE,,,,,,,,,,,
/shopping/hotel-offers&getMultiHotelOffers&200&data&offers&price&variations&changes():::EXIT;return.total is Numeric;daikon.inv.unary.string.IsNumeric;(return.total),/shopping/hotel-offers&getMultiHotelOffers&200&data&offers&price&variations&changes():::EXIT;return.markups == null;daikon.inv.unary.scalar.OneOfScalar;(return.markups),TRUE,/shopping/hotel-offers&getMultiHotelOffers&200&data&offers&price&variations&changes():::EXIT;return.markups == null;daikon.inv.unary.scalar.OneOfScalar;(return.markups),/shopping/hotel-offers&getMultiHotelOffers&200&data&offers&price&variations&changes():::EXIT;return.markups == null;daikon.inv.unary.scalar.OneOfScalar;(return.markups),TRUE,,,,,,,,,,,
/shopping/hotel-offers&getMultiHotelOffers&200&data&offers():::EXIT;input.adults == return.guests.adults;daikon.inv.binary.twoScalar.IntEqual;(input.adults,/shopping/hotel-offers&getMultiHotelOffers&200&data&offers():::EXIT;input.adults == return.guests.adults;daikon.inv.binary.twoScalar.IntEqual;(input.adults,TRUE,/shopping/hotel-offers&getMultiHotelOffers&200&data&offers():::EXIT;input.adults == return.guests.adults;daikon.inv.binary.twoScalar.IntEqual;(input.adults,/shopping/hotel-offers&getMultiHotelOffers&200&data&offers():::EXIT;input.adults == return.guests.adults;daikon.inv.binary.twoScalar.IntEqual;(input.adults,TRUE,,,,,,,,,,,
/shopping/hotel-offers&getMultiHotelOffers&200&data&offers():::EXIT;input.adults == size(return.policies.deposit.acceptedPayments.methods[]);daikon.inv.binary.twoScalar.IntEqual;(input.adults,/shopping/hotel-offers&getMultiHotelOffers&200&data&offers():::EXIT;input.adults == size(return.policies.deposit.acceptedPayments.methods[]);daikon.inv.binary.twoScalar.IntEqual;(input.adults,TRUE,/shopping/hotel-offers&getMultiHotelOffers&200&data&offers():::EXIT;input.adults == size(return.policies.deposit.acceptedPayments.methods[]);daikon.inv.binary.twoScalar.IntEqual;(input.adults,/shopping/hotel-offers&getMultiHotelOffers&200&data&offers():::EXIT;input.adults == size(return.policies.deposit.acceptedPayments.methods[]);daikon.inv.binary.twoScalar.IntEqual;(input.adults,TRUE,,,,,,,,,,,
/shopping/hotel-offers&getMultiHotelOffers&200&data&offers():::EXIT;input.checkInDate == return.checkInDate;daikon.inv.binary.twoString.StringEqual;(input.checkInDate,/shopping/hotel-offers&getMultiHotelOffers&200&data&offers():::EXIT;input.checkInDate == return.checkInDate;daikon.inv.binary.twoString.StringEqual;(input.checkInDate,TRUE,/shopping/hotel-offers&getMultiHotelOffers&200&data&offers():::EXIT;input.checkInDate == return.checkInDate;daikon.inv.binary.twoString.StringEqual;(input.checkInDate,/shopping/hotel-offers&getMultiHotelOffers&200&data&offers():::EXIT;input.checkInDate == return.checkInDate;daikon.inv.binary.twoString.StringEqual;(input.checkInDate,TRUE,,,,,,,,,,,
/shopping/hotel-offers&getMultiHotelOffers&200&data&offers():::EXIT;input.checkOutDate == return.checkOutDate;daikon.inv.binary.twoString.StringEqual;(input.checkOutDate,/shopping/hotel-offers&getMultiHotelOffers&200&data&offers():::EXIT;input.checkOutDate == return.checkOutDate;daikon.inv.binary.twoString.StringEqual;(input.checkOutDate,TRUE,/shopping/hotel-offers&getMultiHotelOffers&200&data&offers():::EXIT;input.checkOutDate == return.checkOutDate;daikon.inv.binary.twoString.StringEqual;(input.checkOutDate,/shopping/hotel-offers&getMultiHotelOffers&200&data&offers():::EXIT;input.checkOutDate == return.checkOutDate;daikon.inv.binary.twoString.StringEqual;(input.checkOutDate,TRUE,,,,,,,,,,,
/shopping/hotel-offers&getMultiHotelOffers&200&data&offers():::EXIT;input.boardType == return.boardType;daikon.inv.binary.twoString.StringEqual;(input.boardType,/shopping/hotel-offers&getMultiHotelOffers&200&data&offers():::EXIT;input.boardType == return.boardType;daikon.inv.binary.twoString.StringEqual;(input.boardType,TRUE,/shopping/hotel-offers&getMultiHotelOffers&200&data&offers():::EXIT;input.boardType == return.boardType;daikon.inv.binary.twoString.StringEqual;(input.boardType,/shopping/hotel-offers&getMultiHotelOffers&200&data&offers():::EXIT;input.boardType == return.boardType;daikon.inv.binary.twoString.StringEqual;(input.boardType,TRUE,,,,,,,,,,,
/shopping/hotel-offers&getMultiHotelOffers&200&data&offers():::EXIT;return.category == return.rateCode;daikon.inv.binary.twoString.StringEqual;(return.category,/shopping/hotel-offers&getMultiHotelOffers&200&data&offers():::EXIT;return.rateCode == return.category;daikon.inv.binary.twoString.StringEqual;(return.rateCode,FALSE,/shopping/hotel-offers&getMultiHotelOffers&200&data&offers():::EXIT;return.rateCode == return.category;daikon.inv.binary.twoString.StringEqual;(return.rateCode,/shopping/hotel-offers&getMultiHotelOffers&200&data&offers():::EXIT;return.rateCode == return.category;daikon.inv.binary.twoString.StringEqual;(return.rateCode,TRUE,,,,,,,,,,,
/shopping/hotel-offers&getMultiHotelOffers&200&data&offers():::EXIT;return.category == return.rateFamilyEstimated.code;daikon.inv.binary.twoString.StringEqual;(return.category,/shopping/hotel-offers&getMultiHotelOffers&200&data&offers():::EXIT;return.rateFamilyEstimated.code == return.category;daikon.inv.binary.twoString.StringEqual;(return.rateFamilyEstimated.code,FALSE,/shopping/hotel-offers&getMultiHotelOffers&200&data&offers():::EXIT;return.rateFamilyEstimated.code == return.category;daikon.inv.binary.twoString.StringEqual;(return.rateFamilyEstimated.code,/shopping/hotel-offers&getMultiHotelOffers&200&data&offers():::EXIT;return.rateFamilyEstimated.code == return.category;daikon.inv.binary.twoString.StringEqual;(return.rateFamilyEstimated.code,TRUE,,,,,,,,,,,
/shopping/hotel-offers&getMultiHotelOffers&200&data&offers():::EXIT;return.commission.description == return.description;daikon.inv.binary.twoScalar.IntEqual;(return.commission.description,/shopping/hotel-offers&getMultiHotelOffers&200&data&offers():::EXIT;return.description == return.commission.description;daikon.inv.binary.twoScalar.IntEqual;(return.description,FALSE,/shopping/hotel-offers&getMultiHotelOffers&200&data&offers():::EXIT;return.description == return.commission.description;daikon.inv.binary.twoScalar.IntEqual;(return.description,/shopping/hotel-offers&getMultiHotelOffers&200&data&offers():::EXIT;return.description == return.commission.description;daikon.inv.binary.twoScalar.IntEqual;(return.description,TRUE,,,,,,,,,,,
/shopping/hotel-offers&getMultiHotelOffers&200&data&offers():::EXIT;return.description == return.policies.deposit.description;daikon.inv.binary.twoScalar.IntEqual;(return.description,/shopping/hotel-offers&getMultiHotelOffers&200&data&offers():::EXIT;return.description == return.policies.guarantee.description;daikon.inv.binary.twoScalar.IntEqual;(return.description,TRUE,/shopping/hotel-offers&getMultiHotelOffers&200&data&offers():::EXIT;return.description == return.policies.guarantee.description;daikon.inv.binary.twoScalar.IntEqual;(return.description,/shopping/hotel-offers&getMultiHotelOffers&200&data&offers():::EXIT;return.description == return.policies.guarantee.description;daikon.inv.binary.twoScalar.IntEqual;(return.description,TRUE,,,,,,,,,,,
/shopping/hotel-offers&getMultiHotelOffers&200&data&offers():::EXIT;return.description == return.policies.guarantee.description;daikon.inv.binary.twoScalar.IntEqual;(return.description,/shopping/hotel-offers&getMultiHotelOffers&200&data&offers():::EXIT;return.description == return.policies.deposit.description;daikon.inv.binary.twoScalar.IntEqual;(return.description,TRUE,/shopping/hotel-offers&getMultiHotelOffers&200&data&offers():::EXIT;return.description == return.policies.deposit.description;daikon.inv.binary.twoScalar.IntEqual;(return.description,/shopping/hotel-offers&getMultiHotelOffers&200&data&offers():::EXIT;return.description == return.policies.deposit.description;daikon.inv.binary.twoScalar.IntEqual;(return.description,TRUE,,,,,,,,,,,
/shopping/hotel-offers&getMultiHotelOffers&200&data&offers():::EXIT;return.description == return.policies.prepay.description;daikon.inv.binary.twoScalar.IntEqual;(return.description,/shopping/hotel-offers&getMultiHotelOffers&200&data&offers():::EXIT;return.description == return.policies.prepay.description;daikon.inv.binary.twoScalar.IntEqual;(return.description,TRUE,/shopping/hotel-offers&getMultiHotelOffers&200&data&offers():::EXIT;return.description == return.policies.prepay.description;daikon.inv.binary.twoScalar.IntEqual;(return.description,/shopping/hotel-offers&getMultiHotelOffers&200&data&offers():::EXIT;return.description == return.policies.prepay.description;daikon.inv.binary.twoScalar.IntEqual;(return.description,TRUE,,,,,,,,,,,
/shopping/hotel-offers&getMultiHotelOffers&200&data&offers():::EXIT;return.policies.prepay.acceptedPayments.creditCards == return.policies.prepay.acceptedPayments.methods;daikon.inv.binary.twoScalar.IntEqual;(return.policies.prepay.acceptedPayments.creditCards,/shopping/hotel-offers&getMultiHotelOffers&200&data&offers():::EXIT;return.room.typeEstimated.beds == size(return.policies.deposit.acceptedPayments.methods[]);daikon.inv.binary.twoScalar.IntEqual;(return.room.typeEstimated.beds,TRUE,/shopping/hotel-offers&getMultiHotelOffers&200&data&offers():::EXIT;return.room.typeEstimated.beds == size(return.policies.deposit.acceptedPayments.methods[]);daikon.inv.binary.twoScalar.IntEqual;(return.room.typeEstimated.beds,/shopping/hotel-offers&getMultiHotelOffers&200&data&offers():::EXIT;return.room.typeEstimated.beds == size(return.policies.deposit.acceptedPayments.methods[]);daikon.inv.binary.twoScalar.IntEqual;(return.room.typeEstimated.beds,TRUE,,,,,,,,,,,
/shopping/hotel-offers&getMultiHotelOffers&200&data&offers():::EXIT;return.price.markups == return.price.variations.average.markups;daikon.inv.binary.twoScalar.IntEqual;(return.price.markups,/shopping/hotel-offers&getMultiHotelOffers&200&data&offers():::EXIT;return.price.markups == return.price.variations.average.markups;daikon.inv.binary.twoScalar.IntEqual;(return.price.markups,TRUE,/shopping/hotel-offers&getMultiHotelOffers&200&data&offers():::EXIT;return.price.markups == return.price.variations.average.markups;daikon.inv.binary.twoScalar.IntEqual;(return.price.markups,/shopping/hotel-offers&getMultiHotelOffers&200&data&offers():::EXIT;return.price.markups == return.price.variations.average.markups;daikon.inv.binary.twoScalar.IntEqual;(return.price.markups,TRUE,,,,,,,,,,,
/shopping/hotel-offers&getMultiHotelOffers&200&data&offers():::EXIT;return.room.typeEstimated.beds == size(return.policies.deposit.acceptedPayments.methods[]);daikon.inv.binary.twoScalar.IntEqual;(return.room.typeEstimated.beds,/shopping/hotel-offers&getMultiHotelOffers&200&data&offers():::EXIT;return.policies.prepay.acceptedPayments.creditCards == return.policies.prepay.acceptedPayments.methods;daikon.inv.binary.twoScalar.IntEqual;(return.policies.prepay.acceptedPayments.creditCards,TRUE,/shopping/hotel-offers&getMultiHotelOffers&200&data&offers():::EXIT;return.policies.prepay.acceptedPayments.creditCards == return.policies.prepay.acceptedPayments.methods;daikon.inv.binary.twoScalar.IntEqual;(return.policies.prepay.acceptedPayments.creditCards,/shopping/hotel-offers&getMultiHotelOffers&200&data&offers():::EXIT;return.policies.prepay.acceptedPayments.creditCards == return.policies.prepay.acceptedPayments.methods;daikon.inv.binary.twoScalar.IntEqual;(return.policies.prepay.acceptedPayments.creditCards,TRUE,,,,,,,,,,,
/shopping/hotel-offers&getMultiHotelOffers&200&data&offers():::EXIT;return.boardType one of { "BREAKFAST",/shopping/hotel-offers&getMultiHotelOffers&200&data&offers():::EXIT;LENGTH(return.id)==10;daikon.inv.unary.string.FixedLengthString;(return.id),TRUE,/shopping/hotel-offers&getMultiHotelOffers&200&data&offers():::EXIT;LENGTH(return.id)==10;daikon.inv.unary.string.FixedLengthString;(return.id),/shopping/hotel-offers&getMultiHotelOffers&200&data&offers():::EXIT;LENGTH(return.id)==10;daikon.inv.unary.string.FixedLengthString;(return.id),TRUE,,,,,,,,,,,
/shopping/hotel-offers&getMultiHotelOffers&200&data&offers():::EXIT;LENGTH(return.boardType)==9;daikon.inv.unary.string.FixedLengthString;(return.boardType),/shopping/hotel-offers&getMultiHotelOffers&200&data&offers():::EXIT;return.checkInDate one of { "2022-09-20",TRUE,/shopping/hotel-offers&getMultiHotelOffers&200&data&offers():::EXIT;return.checkInDate one of { "2022-09-20",/shopping/hotel-offers&getMultiHotelOffers&200&data&offers():::EXIT;return.checkInDate one of { "2022-09-20",TRUE,,,,,,,,,,,
/shopping/hotel-offers&getMultiHotelOffers&200&data&offers():::EXIT;return.category == "GOV";daikon.inv.unary.string.OneOfString;(return.category),/shopping/hotel-offers&getMultiHotelOffers&200&data&offers():::EXIT;return.checkInDate is a Date. Format: YYYY/MM/DD;daikon.inv.unary.string.dates.IsDateYYYYMMDD;(return.checkInDate),TRUE,/shopping/hotel-offers&getMultiHotelOffers&200&data&offers():::EXIT;return.checkInDate is a Date. Format: YYYY/MM/DD;daikon.inv.unary.string.dates.IsDateYYYYMMDD;(return.checkInDate),/shopping/hotel-offers&getMultiHotelOffers&200&data&offers():::EXIT;return.checkInDate is a Date. Format: YYYY/MM/DD;daikon.inv.unary.string.dates.IsDateYYYYMMDD;(return.checkInDate),TRUE,,,,,,,,,,,
/shopping/hotel-offers&getMultiHotelOffers&200&data&offers():::EXIT;return.checkInDate one of { "2022-09-20",/shopping/hotel-offers&getMultiHotelOffers&200&data&offers():::EXIT;return.checkOutDate is a Date. Format: YYYY/MM/DD;daikon.inv.unary.string.dates.IsDateYYYYMMDD;(return.checkOutDate),TRUE,/shopping/hotel-offers&getMultiHotelOffers&200&data&offers():::EXIT;return.checkOutDate is a Date. Format: YYYY/MM/DD;daikon.inv.unary.string.dates.IsDateYYYYMMDD;(return.checkOutDate),/shopping/hotel-offers&getMultiHotelOffers&200&data&offers():::EXIT;return.checkOutDate is a Date. Format: YYYY/MM/DD;daikon.inv.unary.string.dates.IsDateYYYYMMDD;(return.checkOutDate),TRUE,,,,,,,,,,,
/shopping/hotel-offers&getMultiHotelOffers&200&data&offers():::EXIT;return.checkInDate is a Date. Format: YYYY/MM/DD;daikon.inv.unary.string.dates.IsDateYYYYMMDD;(return.checkInDate),/shopping/hotel-offers&getMultiHotelOffers&200&data&offers():::EXIT;LENGTH(return.roomQuantity)==1;daikon.inv.unary.string.FixedLengthString;(return.roomQuantity),TRUE,/shopping/hotel-offers&getMultiHotelOffers&200&data&offers():::EXIT;LENGTH(return.roomQuantity)==1;daikon.inv.unary.string.FixedLengthString;(return.roomQuantity),/shopping/hotel-offers&getMultiHotelOffers&200&data&offers():::EXIT;LENGTH(return.roomQuantity)==1;daikon.inv.unary.string.FixedLengthString;(return.roomQuantity),TRUE,,,,,,,,,,,
/shopping/hotel-offers&getMultiHotelOffers&200&data&offers():::EXIT;return.checkOutDate is a Date. Format: YYYY/MM/DD;daikon.inv.unary.string.dates.IsDateYYYYMMDD;(return.checkOutDate),/shopping/hotel-offers&getMultiHotelOffers&200&data&offers():::EXIT;return.roomQuantity is Numeric;daikon.inv.unary.string.IsNumeric;(return.roomQuantity),TRUE,/shopping/hotel-offers&getMultiHotelOffers&200&data&offers():::EXIT;return.roomQuantity is Numeric;daikon.inv.unary.string.IsNumeric;(return.roomQuantity),/shopping/hotel-offers&getMultiHotelOffers&200&data&offers():::EXIT;return.roomQuantity is Numeric;daikon.inv.unary.string.IsNumeric;(return.roomQuantity),TRUE,,,,,,,,,,,
/shopping/hotel-offers&getMultiHotelOffers&200&data&offers():::EXIT;return.commission.percentage is Numeric;daikon.inv.unary.string.IsNumeric;(return.commission.percentage),/shopping/hotel-offers&getMultiHotelOffers&200&data&offers():::EXIT;LENGTH(return.rateCode)==3;daikon.inv.unary.string.FixedLengthString;(return.rateCode),TRUE,/shopping/hotel-offers&getMultiHotelOffers&200&data&offers():::EXIT;LENGTH(return.rateCode)==3;daikon.inv.unary.string.FixedLengthString;(return.rateCode),/shopping/hotel-offers&getMultiHotelOffers&200&data&offers():::EXIT;LENGTH(return.rateCode)==3;daikon.inv.unary.string.FixedLengthString;(return.rateCode),TRUE,,,,,,,,,,,
/shopping/hotel-offers&getMultiHotelOffers&200&data&offers():::EXIT;return.description == null;daikon.inv.unary.scalar.OneOfScalar;(return.description),/shopping/hotel-offers&getMultiHotelOffers&200&data&offers():::EXIT;LENGTH(return.rateFamilyEstimated.code)==3;daikon.inv.unary.string.FixedLengthString;(return.rateFamilyEstimated.code),TRUE,/shopping/hotel-offers&getMultiHotelOffers&200&data&offers():::EXIT;LENGTH(return.rateFamilyEstimated.code)==3;daikon.inv.unary.string.FixedLengthString;(return.rateFamilyEstimated.code),/shopping/hotel-offers&getMultiHotelOffers&200&data&offers():::EXIT;LENGTH(return.rateFamilyEstimated.code)==3;daikon.inv.unary.string.FixedLengthString;(return.rateFamilyEstimated.code),TRUE,,,,,,,,,,,
/shopping/hotel-offers&getMultiHotelOffers&200&data&offers():::EXIT;return.guests.childAges == null;daikon.inv.unary.scalar.OneOfScalar;(return.guests.childAges),/shopping/hotel-offers&getMultiHotelOffers&200&data&offers():::EXIT;return.rateFamilyEstimated.type one of { "C",TRUE,/shopping/hotel-offers&getMultiHotelOffers&200&data&offers():::EXIT;return.rateFamilyEstimated.type one of { "C",/shopping/hotel-offers&getMultiHotelOffers&200&data&offers():::EXIT;return.rateFamilyEstimated.type one of { "C",TRUE,,,,,,,,,,,
/shopping/hotel-offers&getMultiHotelOffers&200&data&offers():::EXIT;LENGTH(return.id)==10;daikon.inv.unary.string.FixedLengthString;(return.id),/shopping/hotel-offers&getMultiHotelOffers&200&data&offers():::EXIT;LENGTH(return.rateFamilyEstimated.type)==1;daikon.inv.unary.string.FixedLengthString;(return.rateFamilyEstimated.type),TRUE,/shopping/hotel-offers&getMultiHotelOffers&200&data&offers():::EXIT;LENGTH(return.rateFamilyEstimated.type)==1;daikon.inv.unary.string.FixedLengthString;(return.rateFamilyEstimated.type),/shopping/hotel-offers&getMultiHotelOffers&200&data&offers():::EXIT;LENGTH(return.rateFamilyEstimated.type)==1;daikon.inv.unary.string.FixedLengthString;(return.rateFamilyEstimated.type),TRUE,,,,,,,,,,,
/shopping/hotel-offers&getMultiHotelOffers&200&data&offers():::EXIT;return.policies.cancellation.amount is Numeric;daikon.inv.unary.string.IsNumeric;(return.policies.cancellation.amount),/shopping/hotel-offers&getMultiHotelOffers&200&data&offers():::EXIT;return.category == "GOV";daikon.inv.unary.string.OneOfString;(return.category),TRUE,/shopping/hotel-offers&getMultiHotelOffers&200&data&offers():::EXIT;return.category == "GOV";daikon.inv.unary.string.OneOfString;(return.category),/shopping/hotel-offers&getMultiHotelOffers&200&data&offers():::EXIT;return.category == "GOV";daikon.inv.unary.string.OneOfString;(return.category),TRUE,,,,,,,,,,,
/shopping/hotel-offers&getMultiHotelOffers&200&data&offers():::EXIT;LENGTH(return.policies.cancellation.deadline)==25;daikon.inv.unary.string.FixedLengthString;(return.policies.cancellation.deadline),/shopping/hotel-offers&getMultiHotelOffers&200&data&offers():::EXIT;return.description == null;daikon.inv.unary.scalar.OneOfScalar;(return.description),TRUE,/shopping/hotel-offers&getMultiHotelOffers&200&data&offers():::EXIT;return.description == null;daikon.inv.unary.scalar.OneOfScalar;(return.description),/shopping/hotel-offers&getMultiHotelOffers&200&data&offers():::EXIT;return.description == null;daikon.inv.unary.scalar.OneOfScalar;(return.description),TRUE,,,,,,,,,,,
/shopping/hotel-offers&getMultiHotelOffers&200&data&offers():::EXIT;return.policies.cancellation.description.text one of { "NON-REFUNDABLE RATE",/shopping/hotel-offers&getMultiHotelOffers&200&data&offers():::EXIT;return.commission.percentage is Numeric;daikon.inv.unary.string.IsNumeric;(return.commission.percentage),TRUE,/shopping/hotel-offers&getMultiHotelOffers&200&data&offers():::EXIT;return.commission.percentage is Numeric;daikon.inv.unary.string.IsNumeric;(return.commission.percentage),/shopping/hotel-offers&getMultiHotelOffers&200&data&offers():::EXIT;return.commission.percentage is Numeric;daikon.inv.unary.string.IsNumeric;(return.commission.percentage),TRUE,,,,,,,,,,,
/shopping/hotel-offers&getMultiHotelOffers&200&data&offers():::EXIT;return.policies.cancellation.numberOfNights one of { 1,/shopping/hotel-offers&getMultiHotelOffers&200&data&offers():::EXIT;return.boardType one of { "BREAKFAST",TRUE,/shopping/hotel-offers&getMultiHotelOffers&200&data&offers():::EXIT;return.boardType one of { "BREAKFAST",/shopping/hotel-offers&getMultiHotelOffers&200&data&offers():::EXIT;return.boardType one of { "BREAKFAST",TRUE,,,,,,,,,,,
/shopping/hotel-offers&getMultiHotelOffers&200&data&offers():::EXIT;return.policies.cancellation.type == "FULL_STAY";daikon.inv.unary.string.OneOfString;(return.policies.cancellation.type),/shopping/hotel-offers&getMultiHotelOffers&200&data&offers():::EXIT;LENGTH(return.boardType)==9;daikon.inv.unary.string.FixedLengthString;(return.boardType),TRUE,/shopping/hotel-offers&getMultiHotelOffers&200&data&offers():::EXIT;LENGTH(return.boardType)==9;daikon.inv.unary.string.FixedLengthString;(return.boardType),/shopping/hotel-offers&getMultiHotelOffers&200&data&offers():::EXIT;LENGTH(return.boardType)==9;daikon.inv.unary.string.FixedLengthString;(return.boardType),TRUE,,,,,,,,,,,
/shopping/hotel-offers&getMultiHotelOffers&200&data&offers():::EXIT;LENGTH(return.policies.cancellation.type)==9;daikon.inv.unary.string.FixedLengthString;(return.policies.cancellation.type),/shopping/hotel-offers&getMultiHotelOffers&200&data&offers():::EXIT;LENGTH(return.room.type)==3;daikon.inv.unary.string.FixedLengthString;(return.room.type),TRUE,/shopping/hotel-offers&getMultiHotelOffers&200&data&offers():::EXIT;LENGTH(return.room.type)==3;daikon.inv.unary.string.FixedLengthString;(return.room.type),/shopping/hotel-offers&getMultiHotelOffers&200&data&offers():::EXIT;LENGTH(return.room.type)==3;daikon.inv.unary.string.FixedLengthString;(return.room.type),TRUE,,,,,,,,,,,
/shopping/hotel-offers&getMultiHotelOffers&200&data&offers():::EXIT;return.policies.checkInOut == null;daikon.inv.unary.scalar.OneOfScalar;(return.policies.checkInOut),/shopping/hotel-offers&getMultiHotelOffers&200&data&offers():::EXIT;return.room.typeEstimated.beds one of { 1,TRUE,/shopping/hotel-offers&getMultiHotelOffers&200&data&offers():::EXIT;return.room.typeEstimated.beds one of { 1,/shopping/hotel-offers&getMultiHotelOffers&200&data&offers():::EXIT;return.room.typeEstimated.beds one of { 1,TRUE,,,,,,,,,,,
/shopping/hotel-offers&getMultiHotelOffers&200&data&offers():::EXIT;return.policies.checkInOut.checkInDescription == null;daikon.inv.unary.scalar.OneOfScalar;(return.policies.checkInOut.checkInDescription),/shopping/hotel-offers&getMultiHotelOffers&200&data&offers():::EXIT;LENGTH(return.room.description.lang)==2;daikon.inv.unary.string.FixedLengthString;(return.room.description.lang),TRUE,/shopping/hotel-offers&getMultiHotelOffers&200&data&offers():::EXIT;LENGTH(return.room.description.lang)==2;daikon.inv.unary.string.FixedLengthString;(return.room.description.lang),/shopping/hotel-offers&getMultiHotelOffers&200&data&offers():::EXIT;LENGTH(return.room.description.lang)==2;daikon.inv.unary.string.FixedLengthString;(return.room.description.lang),TRUE,,,,,,,,,,,
/shopping/hotel-offers&getMultiHotelOffers&200&data&offers():::EXIT;return.policies.checkInOut.checkOutDescription == null;daikon.inv.unary.scalar.OneOfScalar;(return.policies.checkInOut.checkOutDescription),/shopping/hotel-offers&getMultiHotelOffers&200&data&offers():::EXIT;return.guests.childAges == null;daikon.inv.unary.scalar.OneOfScalar;(return.guests.childAges),TRUE,/shopping/hotel-offers&getMultiHotelOffers&200&data&offers():::EXIT;return.guests.childAges == null;daikon.inv.unary.scalar.OneOfScalar;(return.guests.childAges),/shopping/hotel-offers&getMultiHotelOffers&200&data&offers():::EXIT;return.guests.childAges == null;daikon.inv.unary.scalar.OneOfScalar;(return.guests.childAges),TRUE,,,,,,,,,,,
/shopping/hotel-offers&getMultiHotelOffers&200&data&offers():::EXIT;return.policies.deposit.acceptedPayments.creditCards[] one of { [AX,/shopping/hotel-offers&getMultiHotelOffers&200&data&offers():::EXIT;LENGTH(return.price.currency)==3;daikon.inv.unary.string.FixedLengthString;(return.price.currency),TRUE,/shopping/hotel-offers&getMultiHotelOffers&200&data&offers():::EXIT;LENGTH(return.price.currency)==3;daikon.inv.unary.string.FixedLengthString;(return.price.currency),/shopping/hotel-offers&getMultiHotelOffers&200&data&offers():::EXIT;LENGTH(return.price.currency)==3;daikon.inv.unary.string.FixedLengthString;(return.price.currency),TRUE, JC, VI], [VI, AX, CA, DC, EC, JC, CU, MC, IK] };daikon.inv.unary.stringsequence.OneOfStringSequence;(return.policies.deposit.acceptedPayments.creditCards[..])
/shopping/hotel-offers&getMultiHotelOffers&200&data&offers():::EXIT;All the elements of return.policies.deposit.acceptedPayments.creditCards[] have LENGTH=2;daikon.inv.unary.stringsequence.SequenceFixedLengthString;(return.policies.deposit.acceptedPayments.creditCards[..]),/shopping/hotel-offers&getMultiHotelOffers&200&data&offers():::EXIT;return.price.total is Numeric;daikon.inv.unary.string.IsNumeric;(return.price.total),TRUE,/shopping/hotel-offers&getMultiHotelOffers&200&data&offers():::EXIT;return.price.total is Numeric;daikon.inv.unary.string.IsNumeric;(return.price.total),/shopping/hotel-offers&getMultiHotelOffers&200&data&offers():::EXIT;return.price.total is Numeric;daikon.inv.unary.string.IsNumeric;(return.price.total),TRUE,,,,,,,,,,,
/shopping/hotel-offers&getMultiHotelOffers&200&data&offers():::EXIT;return.policies.deposit.acceptedPayments.methods[] elements one of { "ADVANCE_DEPOSIT",/shopping/hotel-offers&getMultiHotelOffers&200&data&offers():::EXIT;return.price.base is Numeric;daikon.inv.unary.string.IsNumeric;(return.price.base),TRUE,/shopping/hotel-offers&getMultiHotelOffers&200&data&offers():::EXIT;return.price.base is Numeric;daikon.inv.unary.string.IsNumeric;(return.price.base),/shopping/hotel-offers&getMultiHotelOffers&200&data&offers():::EXIT;return.price.base is Numeric;daikon.inv.unary.string.IsNumeric;(return.price.base),TRUE,,,,,,,,,,,
/shopping/hotel-offers&getMultiHotelOffers&200&data&offers():::EXIT;return.policies.deposit.acceptedPayments.methods[] one of { [CREDIT_CARD],/shopping/hotel-offers&getMultiHotelOffers&200&data&offers():::EXIT;return.price.markups == null;daikon.inv.unary.scalar.OneOfScalar;(return.price.markups),TRUE,/shopping/hotel-offers&getMultiHotelOffers&200&data&offers():::EXIT;return.price.markups == null;daikon.inv.unary.scalar.OneOfScalar;(return.price.markups),/shopping/hotel-offers&getMultiHotelOffers&200&data&offers():::EXIT;return.price.markups == null;daikon.inv.unary.scalar.OneOfScalar;(return.price.markups),TRUE,,,,,,,,,,,
/shopping/hotel-offers&getMultiHotelOffers&200&data&offers():::EXIT;All the elements of return.policies.guarantee.acceptedPayments.creditCards[] have LENGTH=2;daikon.inv.unary.stringsequence.SequenceFixedLengthString;(return.policies.guarantee.acceptedPayments.creditCards[..]),/shopping/hotel-offers&getMultiHotelOffers&200&data&offers():::EXIT;return.price.variations.average.total == "126.73";daikon.inv.unary.string.OneOfString;(return.price.variations.average.total),TRUE,/shopping/hotel-offers&getMultiHotelOffers&200&data&offers():::EXIT;return.price.variations.average.total == "126.73";daikon.inv.unary.string.OneOfString;(return.price.variations.average.total),/shopping/hotel-offers&getMultiHotelOffers&200&data&offers():::EXIT;return.price.variations.average.total == "126.73";daikon.inv.unary.string.OneOfString;(return.price.variations.average.total),TRUE,,,,,,,,,,,
/shopping/hotel-offers&getMultiHotelOffers&200&data&offers():::EXIT;return.policies.guarantee.acceptedPayments.methods[] == [CREDIT_CARD];daikon.inv.unary.stringsequence.OneOfStringSequence;(return.policies.guarantee.acceptedPayments.methods[..]),/shopping/hotel-offers&getMultiHotelOffers&200&data&offers():::EXIT;return.price.variations.average.base is Numeric;daikon.inv.unary.string.IsNumeric;(return.price.variations.average.base),TRUE,/shopping/hotel-offers&getMultiHotelOffers&200&data&offers():::EXIT;return.price.variations.average.base is Numeric;daikon.inv.unary.string.IsNumeric;(return.price.variations.average.base),/shopping/hotel-offers&getMultiHotelOffers&200&data&offers():::EXIT;return.price.variations.average.base is Numeric;daikon.inv.unary.string.IsNumeric;(return.price.variations.average.base),TRUE,,,,,,,,,,,
/shopping/hotel-offers&getMultiHotelOffers&200&data&offers():::EXIT;return.policies.guarantee.acceptedPayments.methods[] elements == "CREDIT_CARD";daikon.inv.unary.stringsequence.EltOneOfString;(return.policies.guarantee.acceptedPayments.methods[..]),/shopping/hotel-offers&getMultiHotelOffers&200&data&offers():::EXIT;return.policies.paymentType one of { "deposit",TRUE,/shopping/hotel-offers&getMultiHotelOffers&200&data&offers():::EXIT;return.policies.paymentType one of { "deposit",/shopping/hotel-offers&getMultiHotelOffers&200&data&offers():::EXIT;return.policies.paymentType one of { "deposit",TRUE,,,,,,,,,,,
/shopping/hotel-offers&getMultiHotelOffers&200&data&offers():::EXIT;All the elements of return.policies.guarantee.acceptedPayments.methods[] have LENGTH=11;daikon.inv.unary.stringsequence.SequenceFixedLengthString;(return.policies.guarantee.acceptedPayments.methods[..]),/shopping/hotel-offers&getMultiHotelOffers&200&data&offers():::EXIT;All the elements of return.policies.guarantee.acceptedPayments.creditCards[] have LENGTH=2;daikon.inv.unary.stringsequence.SequenceFixedLengthString;(return.policies.guarantee.acceptedPayments.creditCards[..]),TRUE,/shopping/hotel-offers&getMultiHotelOffers&200&data&offers():::EXIT;All the elements of return.policies.guarantee.acceptedPayments.creditCards[] have LENGTH=2;daikon.inv.unary.stringsequence.SequenceFixedLengthString;(return.policies.guarantee.acceptedPayments.creditCards[..]),/shopping/hotel-offers&getMultiHotelOffers&200&data&offers():::EXIT;All the elements of return.policies.guarantee.acceptedPayments.creditCards[] have LENGTH=2;daikon.inv.unary.stringsequence.SequenceFixedLengthString;(return.policies.guarantee.acceptedPayments.creditCards[..]),TRUE,,,,,,,,,,,
/shopping/hotel-offers&getMultiHotelOffers&200&data&offers():::EXIT;return.policies.holdTime == null;daikon.inv.unary.scalar.OneOfScalar;(return.policies.holdTime),/shopping/hotel-offers&getMultiHotelOffers&200&data&offers():::EXIT;return.policies.guarantee.acceptedPayments.methods[] == [CREDIT_CARD];daikon.inv.unary.stringsequence.OneOfStringSequence;(return.policies.guarantee.acceptedPayments.methods[..]),TRUE,/shopping/hotel-offers&getMultiHotelOffers&200&data&offers():::EXIT;return.policies.guarantee.acceptedPayments.methods[] == [CREDIT_CARD];daikon.inv.unary.stringsequence.OneOfStringSequence;(return.policies.guarantee.acceptedPayments.methods[..]),/shopping/hotel-offers&getMultiHotelOffers&200&data&offers():::EXIT;return.policies.guarantee.acceptedPayments.methods[] == [CREDIT_CARD];daikon.inv.unary.stringsequence.OneOfStringSequence;(return.policies.guarantee.acceptedPayments.methods[..]),TRUE,,,,,,,,,,,
/shopping/hotel-offers&getMultiHotelOffers&200&data&offers():::EXIT;return.policies.paymentType one of { "deposit",/shopping/hotel-offers&getMultiHotelOffers&200&data&offers():::EXIT;return.policies.guarantee.acceptedPayments.methods[] elements == "CREDIT_CARD";daikon.inv.unary.stringsequence.EltOneOfString;(return.policies.guarantee.acceptedPayments.methods[..]),TRUE,/shopping/hotel-offers&getMultiHotelOffers&200&data&offers():::EXIT;return.policies.guarantee.acceptedPayments.methods[] elements == "CREDIT_CARD";daikon.inv.unary.stringsequence.EltOneOfString;(return.policies.guarantee.acceptedPayments.methods[..]),/shopping/hotel-offers&getMultiHotelOffers&200&data&offers():::EXIT;return.policies.guarantee.acceptedPayments.methods[] elements == "CREDIT_CARD";daikon.inv.unary.stringsequence.EltOneOfString;(return.policies.guarantee.acceptedPayments.methods[..]),TRUE,,,,,,,,,,,
/shopping/hotel-offers&getMultiHotelOffers&200&data&offers():::EXIT;return.policies.prepay == null;daikon.inv.unary.scalar.OneOfScalar;(return.policies.prepay),/shopping/hotel-offers&getMultiHotelOffers&200&data&offers():::EXIT;All the elements of return.policies.guarantee.acceptedPayments.methods[] have LENGTH=11;daikon.inv.unary.stringsequence.SequenceFixedLengthString;(return.policies.guarantee.acceptedPayments.methods[..]),TRUE,/shopping/hotel-offers&getMultiHotelOffers&200&data&offers():::EXIT;All the elements of return.policies.guarantee.acceptedPayments.methods[] have LENGTH=11;daikon.inv.unary.stringsequence.SequenceFixedLengthString;(return.policies.guarantee.acceptedPayments.methods[..]),/shopping/hotel-offers&getMultiHotelOffers&200&data&offers():::EXIT;All the elements of return.policies.guarantee.acceptedPayments.methods[] have LENGTH=11;daikon.inv.unary.stringsequence.SequenceFixedLengthString;(return.policies.guarantee.acceptedPayments.methods[..]),TRUE,,,,,,,,,,,
/shopping/hotel-offers&getMultiHotelOffers&200&data&offers():::EXIT;return.policies.prepay.acceptedPayments == null;daikon.inv.unary.scalar.OneOfScalar;(return.policies.prepay.acceptedPayments),/shopping/hotel-offers&getMultiHotelOffers&200&data&offers():::EXIT;return.policies.deposit.acceptedPayments.creditCards[] one of { [AX,TRUE,/shopping/hotel-offers&getMultiHotelOffers&200&data&offers():::EXIT;return.policies.deposit.acceptedPayments.creditCards[] one of { [AX,/shopping/hotel-offers&getMultiHotelOffers&200&data&offers():::EXIT;return.policies.deposit.acceptedPayments.creditCards[] one of { [AX,TRUE,,,,,,,,,,,
/shopping/hotel-offers&getMultiHotelOffers&200&data&offers():::EXIT;return.policies.prepay.acceptedPayments.creditCards == null;daikon.inv.unary.scalar.OneOfScalar;(return.policies.prepay.acceptedPayments.creditCards),/shopping/hotel-offers&getMultiHotelOffers&200&data&offers():::EXIT;All the elements of return.policies.deposit.acceptedPayments.creditCards[] have LENGTH=2;daikon.inv.unary.stringsequence.SequenceFixedLengthString;(return.policies.deposit.acceptedPayments.creditCards[..]),TRUE,/shopping/hotel-offers&getMultiHotelOffers&200&data&offers():::EXIT;All the elements of return.policies.deposit.acceptedPayments.creditCards[] have LENGTH=2;daikon.inv.unary.stringsequence.SequenceFixedLengthString;(return.policies.deposit.acceptedPayments.creditCards[..]),/shopping/hotel-offers&getMultiHotelOffers&200&data&offers():::EXIT;All the elements of return.policies.deposit.acceptedPayments.creditCards[] have LENGTH=2;daikon.inv.unary.stringsequence.SequenceFixedLengthString;(return.policies.deposit.acceptedPayments.creditCards[..]),TRUE,,,,,,,,,,,
/shopping/hotel-offers&getMultiHotelOffers&200&data&offers():::EXIT;return.price.base is Numeric;daikon.inv.unary.string.IsNumeric;(return.price.base),/shopping/hotel-offers&getMultiHotelOffers&200&data&offers():::EXIT;return.policies.deposit.acceptedPayments.methods[] elements one of { "ADVANCE_DEPOSIT",TRUE,/shopping/hotel-offers&getMultiHotelOffers&200&data&offers():::EXIT;return.policies.deposit.acceptedPayments.methods[] elements one of { "ADVANCE_DEPOSIT",/shopping/hotel-offers&getMultiHotelOffers&200&data&offers():::EXIT;return.policies.deposit.acceptedPayments.methods[] elements one of { "ADVANCE_DEPOSIT",TRUE,,,,,,,,,,,
/shopping/hotel-offers&getMultiHotelOffers&200&data&offers():::EXIT;LENGTH(return.price.currency)==3;daikon.inv.unary.string.FixedLengthString;(return.price.currency),/shopping/hotel-offers&getMultiHotelOffers&200&data&offers():::EXIT;return.policies.deposit.acceptedPayments.methods[] one of { [CREDIT_CARD],TRUE,/shopping/hotel-offers&getMultiHotelOffers&200&data&offers():::EXIT;return.policies.deposit.acceptedPayments.methods[] one of { [CREDIT_CARD],/shopping/hotel-offers&getMultiHotelOffers&200&data&offers():::EXIT;return.policies.deposit.acceptedPayments.methods[] one of { [CREDIT_CARD],TRUE,,,,,,,,,,,
/shopping/hotel-offers&getMultiHotelOffers&200&data&offers():::EXIT;return.price.markups == null;daikon.inv.unary.scalar.OneOfScalar;(return.price.markups),/shopping/hotel-offers&getMultiHotelOffers&200&data&offers():::EXIT;return.policies.prepay == null;daikon.inv.unary.scalar.OneOfScalar;(return.policies.prepay),TRUE,/shopping/hotel-offers&getMultiHotelOffers&200&data&offers():::EXIT;return.policies.prepay == null;daikon.inv.unary.scalar.OneOfScalar;(return.policies.prepay),/shopping/hotel-offers&getMultiHotelOffers&200&data&offers():::EXIT;return.policies.prepay == null;daikon.inv.unary.scalar.OneOfScalar;(return.policies.prepay),TRUE,,,,,,,,,,,
/shopping/hotel-offers&getMultiHotelOffers&200&data&offers():::EXIT;return.price.total is Numeric;daikon.inv.unary.string.IsNumeric;(return.price.total),/shopping/hotel-offers&getMultiHotelOffers&200&data&offers():::EXIT;return.policies.prepay.acceptedPayments == null;daikon.inv.unary.scalar.OneOfScalar;(return.policies.prepay.acceptedPayments),TRUE,/shopping/hotel-offers&getMultiHotelOffers&200&data&offers():::EXIT;return.policies.prepay.acceptedPayments == null;daikon.inv.unary.scalar.OneOfScalar;(return.policies.prepay.acceptedPayments),/shopping/hotel-offers&getMultiHotelOffers&200&data&offers():::EXIT;return.policies.prepay.acceptedPayments == null;daikon.inv.unary.scalar.OneOfScalar;(return.policies.prepay.acceptedPayments),TRUE,,,,,,,,,,,
/shopping/hotel-offers&getMultiHotelOffers&200&data&offers():::EXIT;return.price.variations.average.base is Numeric;daikon.inv.unary.string.IsNumeric;(return.price.variations.average.base),/shopping/hotel-offers&getMultiHotelOffers&200&data&offers():::EXIT;return.policies.prepay.acceptedPayments.creditCards == null;daikon.inv.unary.scalar.OneOfScalar;(return.policies.prepay.acceptedPayments.creditCards),TRUE,/shopping/hotel-offers&getMultiHotelOffers&200&data&offers():::EXIT;return.policies.prepay.acceptedPayments.creditCards == null;daikon.inv.unary.scalar.OneOfScalar;(return.policies.prepay.acceptedPayments.creditCards),/shopping/hotel-offers&getMultiHotelOffers&200&data&offers():::EXIT;return.policies.prepay.acceptedPayments.creditCards == null;daikon.inv.unary.scalar.OneOfScalar;(return.policies.prepay.acceptedPayments.creditCards),TRUE,,,,,,,,,,,
/shopping/hotel-offers&getMultiHotelOffers&200&data&offers():::EXIT;return.price.variations.average.total == "126.73";daikon.inv.unary.string.OneOfString;(return.price.variations.average.total),/shopping/hotel-offers&getMultiHotelOffers&200&data&offers():::EXIT;return.policies.holdTime == null;daikon.inv.unary.scalar.OneOfScalar;(return.policies.holdTime),TRUE,/shopping/hotel-offers&getMultiHotelOffers&200&data&offers():::EXIT;return.policies.holdTime == null;daikon.inv.unary.scalar.OneOfScalar;(return.policies.holdTime),/shopping/hotel-offers&getMultiHotelOffers&200&data&offers():::EXIT;return.policies.holdTime == null;daikon.inv.unary.scalar.OneOfScalar;(return.policies.holdTime),TRUE,,,,,,,,,,,
/shopping/hotel-offers&getMultiHotelOffers&200&data&offers():::EXIT;LENGTH(return.rateCode)==3;daikon.inv.unary.string.FixedLengthString;(return.rateCode),/shopping/hotel-offers&getMultiHotelOffers&200&data&offers():::EXIT;return.policies.cancellation.type == "FULL_STAY";daikon.inv.unary.string.OneOfString;(return.policies.cancellation.type),TRUE,/shopping/hotel-offers&getMultiHotelOffers&200&data&offers():::EXIT;return.policies.cancellation.type == "FULL_STAY";daikon.inv.unary.string.OneOfString;(return.policies.cancellation.type),/shopping/hotel-offers&getMultiHotelOffers&200&data&offers():::EXIT;return.policies.cancellation.type == "FULL_STAY";daikon.inv.unary.string.OneOfString;(return.policies.cancellation.type),TRUE,,,,,,,,,,,
/shopping/hotel-offers&getMultiHotelOffers&200&data&offers():::EXIT;LENGTH(return.rateFamilyEstimated.code)==3;daikon.inv.unary.string.FixedLengthString;(return.rateFamilyEstimated.code),/shopping/hotel-offers&getMultiHotelOffers&200&data&offers():::EXIT;LENGTH(return.policies.cancellation.type)==9;daikon.inv.unary.string.FixedLengthString;(return.policies.cancellation.type),TRUE,/shopping/hotel-offers&getMultiHotelOffers&200&data&offers():::EXIT;LENGTH(return.policies.cancellation.type)==9;daikon.inv.unary.string.FixedLengthString;(return.policies.cancellation.type),/shopping/hotel-offers&getMultiHotelOffers&200&data&offers():::EXIT;LENGTH(return.policies.cancellation.type)==9;daikon.inv.unary.string.FixedLengthString;(return.policies.cancellation.type),TRUE,,,,,,,,,,,
/shopping/hotel-offers&getMultiHotelOffers&200&data&offers():::EXIT;return.rateFamilyEstimated.type one of { "C",/shopping/hotel-offers&getMultiHotelOffers&200&data&offers():::EXIT;return.policies.cancellation.amount is Numeric;daikon.inv.unary.string.IsNumeric;(return.policies.cancellation.amount),TRUE,/shopping/hotel-offers&getMultiHotelOffers&200&data&offers():::EXIT;return.policies.cancellation.amount is Numeric;daikon.inv.unary.string.IsNumeric;(return.policies.cancellation.amount),/shopping/hotel-offers&getMultiHotelOffers&200&data&offers():::EXIT;return.policies.cancellation.amount is Numeric;daikon.inv.unary.string.IsNumeric;(return.policies.cancellation.amount),TRUE,,,,,,,,,,,
/shopping/hotel-offers&getMultiHotelOffers&200&data&offers():::EXIT;LENGTH(return.rateFamilyEstimated.type)==1;daikon.inv.unary.string.FixedLengthString;(return.rateFamilyEstimated.type),/shopping/hotel-offers&getMultiHotelOffers&200&data&offers():::EXIT;return.policies.cancellation.numberOfNights one of { 1,TRUE,/shopping/hotel-offers&getMultiHotelOffers&200&data&offers():::EXIT;return.policies.cancellation.numberOfNights one of { 1,/shopping/hotel-offers&getMultiHotelOffers&200&data&offers():::EXIT;return.policies.cancellation.numberOfNights one of { 1,TRUE,,,,,,,,,,,
/shopping/hotel-offers&getMultiHotelOffers&200&data&offers():::EXIT;LENGTH(return.room.description.lang)==2;daikon.inv.unary.string.FixedLengthString;(return.room.description.lang),/shopping/hotel-offers&getMultiHotelOffers&200&data&offers():::EXIT;LENGTH(return.policies.cancellation.deadline)==25;daikon.inv.unary.string.FixedLengthString;(return.policies.cancellation.deadline),TRUE,/shopping/hotel-offers&getMultiHotelOffers&200&data&offers():::EXIT;LENGTH(return.policies.cancellation.deadline)==25;daikon.inv.unary.string.FixedLengthString;(return.policies.cancellation.deadline),/shopping/hotel-offers&getMultiHotelOffers&200&data&offers():::EXIT;LENGTH(return.policies.cancellation.deadline)==25;daikon.inv.unary.string.FixedLengthString;(return.policies.cancellation.deadline),TRUE,,,,,,,,,,,
/shopping/hotel-offers&getMultiHotelOffers&200&data&offers():::EXIT;LENGTH(return.room.type)==3;daikon.inv.unary.string.FixedLengthString;(return.room.type),/shopping/hotel-offers&getMultiHotelOffers&200&data&offers():::EXIT;return.policies.cancellation.description.text one of { "NON-REFUNDABLE RATE",TRUE,/shopping/hotel-offers&getMultiHotelOffers&200&data&offers():::EXIT;return.policies.cancellation.description.text one of { "NON-REFUNDABLE RATE",/shopping/hotel-offers&getMultiHotelOffers&200&data&offers():::EXIT;return.policies.cancellation.description.text one of { "NON-REFUNDABLE RATE",TRUE,,,,,,,,,,,
/shopping/hotel-offers&getMultiHotelOffers&200&data&offers():::EXIT;return.room.typeEstimated.beds one of { 1,/shopping/hotel-offers&getMultiHotelOffers&200&data&offers():::EXIT;return.policies.checkInOut == null;daikon.inv.unary.scalar.OneOfScalar;(return.policies.checkInOut),TRUE,/shopping/hotel-offers&getMultiHotelOffers&200&data&offers():::EXIT;return.policies.checkInOut == null;daikon.inv.unary.scalar.OneOfScalar;(return.policies.checkInOut),/shopping/hotel-offers&getMultiHotelOffers&200&data&offers():::EXIT;return.policies.checkInOut == null;daikon.inv.unary.scalar.OneOfScalar;(return.policies.checkInOut),TRUE,,,,,,,,,,,
/shopping/hotel-offers&getMultiHotelOffers&200&data&offers():::EXIT;LENGTH(return.roomQuantity)==1;daikon.inv.unary.string.FixedLengthString;(return.roomQuantity),/shopping/hotel-offers&getMultiHotelOffers&200&data&offers():::EXIT;return.policies.checkInOut.checkInDescription == null;daikon.inv.unary.scalar.OneOfScalar;(return.policies.checkInOut.checkInDescription),TRUE,/shopping/hotel-offers&getMultiHotelOffers&200&data&offers():::EXIT;return.policies.checkInOut.checkInDescription == null;daikon.inv.unary.scalar.OneOfScalar;(return.policies.checkInOut.checkInDescription),/shopping/hotel-offers&getMultiHotelOffers&200&data&offers():::EXIT;return.policies.checkInOut.checkInDescription == null;daikon.inv.unary.scalar.OneOfScalar;(return.policies.checkInOut.checkInDescription),TRUE,,,,,,,,,,,
/shopping/hotel-offers&getMultiHotelOffers&200&data&offers():::EXIT;return.roomQuantity is Numeric;daikon.inv.unary.string.IsNumeric;(return.roomQuantity),/shopping/hotel-offers&getMultiHotelOffers&200&data&offers():::EXIT;return.policies.checkInOut.checkOutDescription == null;daikon.inv.unary.scalar.OneOfScalar;(return.policies.checkInOut.checkOutDescription),TRUE,/shopping/hotel-offers&getMultiHotelOffers&200&data&offers():::EXIT;return.policies.checkInOut.checkOutDescription == null;daikon.inv.unary.scalar.OneOfScalar;(return.policies.checkInOut.checkOutDescription),/shopping/hotel-offers&getMultiHotelOffers&200&data&offers():::EXIT;return.policies.checkInOut.checkOutDescription == null;daikon.inv.unary.scalar.OneOfScalar;(return.policies.checkInOut.checkOutDescription),TRUE,,,,,,,,,,,
/shopping/hotel-offers&getMultiHotelOffers&200&data&offers():::EXIT;return.self is Url;daikon.inv.unary.string.IsUrl;(return.self),/shopping/hotel-offers&getMultiHotelOffers&200&data&offers():::EXIT;return.self is Url;daikon.inv.unary.string.IsUrl;(return.self),TRUE,/shopping/hotel-offers&getMultiHotelOffers&200&data&offers():::EXIT;return.self is Url;daikon.inv.unary.string.IsUrl;(return.self),/shopping/hotel-offers&getMultiHotelOffers&200&data&offers():::EXIT;return.self is Url;daikon.inv.unary.string.IsUrl;(return.self),TRUE,,,,,,,,,,,
/shopping/hotel-offers&getMultiHotelOffers&200&data&offers():::EXIT;size(return.policies.deposit.acceptedPayments.creditCards[]) one of { 7,/shopping/hotel-offers&getMultiHotelOffers&200&data&offers():::EXIT;size(return.price.taxes[]) one of { 1,TRUE,/shopping/hotel-offers&getMultiHotelOffers&200&data&offers():::EXIT;size(return.price.taxes[]) one of { 1,/shopping/hotel-offers&getMultiHotelOffers&200&data&offers():::EXIT;size(return.price.taxes[]) one of { 1,TRUE,,,,,,,,,,,
/shopping/hotel-offers&getMultiHotelOffers&200&data&offers():::EXIT;size(return.policies.deposit.acceptedPayments.methods[]) one of { 1,/shopping/hotel-offers&getMultiHotelOffers&200&data&offers():::EXIT;size(return.price.variations.changes[]) >= 1;daikon.inv.unary.scalar.LowerBound;(size(return.price.variations.changes[..])),TRUE,/shopping/hotel-offers&getMultiHotelOffers&200&data&offers():::EXIT;size(return.price.variations.changes[]) >= 1;daikon.inv.unary.scalar.LowerBound;(size(return.price.variations.changes[..])),/shopping/hotel-offers&getMultiHotelOffers&200&data&offers():::EXIT;size(return.price.variations.changes[]) >= 1;daikon.inv.unary.scalar.LowerBound;(size(return.price.variations.changes[..])),TRUE,,,,,,,,,,,
/shopping/hotel-offers&getMultiHotelOffers&200&data&offers():::EXIT;size(return.policies.guarantee.acceptedPayments.methods[]) == 1;daikon.inv.unary.scalar.OneOfScalar;(size(return.policies.guarantee.acceptedPayments.methods[..])),/shopping/hotel-offers&getMultiHotelOffers&200&data&offers():::EXIT;size(return.policies.guarantee.acceptedPayments.methods[]) == 1;daikon.inv.unary.scalar.OneOfScalar;(size(return.policies.guarantee.acceptedPayments.methods[..])),TRUE,/shopping/hotel-offers&getMultiHotelOffers&200&data&offers():::EXIT;size(return.policies.guarantee.acceptedPayments.methods[]) == 1;daikon.inv.unary.scalar.OneOfScalar;(size(return.policies.guarantee.acceptedPayments.methods[..])),/shopping/hotel-offers&getMultiHotelOffers&200&data&offers():::EXIT;size(return.policies.guarantee.acceptedPayments.methods[]) == 1;daikon.inv.unary.scalar.OneOfScalar;(size(return.policies.guarantee.acceptedPayments.methods[..])),TRUE,,,,,,,,,,,
/shopping/hotel-offers&getMultiHotelOffers&200&data&offers():::EXIT;size(return.price.taxes[]) one of { 1,/shopping/hotel-offers&getMultiHotelOffers&200&data&offers():::EXIT;size(return.policies.deposit.acceptedPayments.creditCards[]) one of { 7,TRUE,/shopping/hotel-offers&getMultiHotelOffers&200&data&offers():::EXIT;size(return.policies.deposit.acceptedPayments.creditCards[]) one of { 7,/shopping/hotel-offers&getMultiHotelOffers&200&data&offers():::EXIT;size(return.policies.deposit.acceptedPayments.creditCards[]) one of { 7,TRUE,,,,,,,,,,,
/shopping/hotel-offers&getMultiHotelOffers&200&data&offers():::EXIT;size(return.price.variations.changes[]) >= 1;daikon.inv.unary.scalar.LowerBound;(size(return.price.variations.changes[..])),/shopping/hotel-offers&getMultiHotelOffers&200&data&offers():::EXIT;size(return.policies.deposit.acceptedPayments.methods[]) one of { 1,TRUE,/shopping/hotel-offers&getMultiHotelOffers&200&data&offers():::EXIT;size(return.policies.deposit.acceptedPayments.methods[]) one of { 1,/shopping/hotel-offers&getMultiHotelOffers&200&data&offers():::EXIT;size(return.policies.deposit.acceptedPayments.methods[]) one of { 1,TRUE,,,,,,,,,,,
/shopping/hotel-offers&getMultiHotelOffers&200&data&offers():::EXIT;return.price.taxes[return.policies.cancellation.numberOfNights] has only one value;daikon.inv.unary.scalar.OneOfScalar;(return.price.taxes[return.policies.cancellation.numberOfNights]),/shopping/hotel-offers&getMultiHotelOffers&200&data&offers():::EXIT;return.price.taxes[return.policies.cancellation.numberOfNights] has only one value;daikon.inv.unary.scalar.OneOfScalar;(return.price.taxes[return.policies.cancellation.numberOfNights]),TRUE,/shopping/hotel-offers&getMultiHotelOffers&200&data&offers():::EXIT;return.price.taxes[return.policies.cancellation.numberOfNights] has only one value;daikon.inv.unary.scalar.OneOfScalar;(return.price.taxes[return.policies.cancellation.numberOfNights]),/shopping/hotel-offers&getMultiHotelOffers&200&data&offers():::EXIT;return.price.taxes[return.policies.cancellation.numberOfNights] has only one value;daikon.inv.unary.scalar.OneOfScalar;(return.price.taxes[return.policies.cancellation.numberOfNights]),TRUE,,,,,,,,,,,
/shopping/hotel-offers&getMultiHotelOffers&200&data&offers():::EXIT;return.price.taxes[return.policies.cancellation.numberOfNights-1] has only one value;daikon.inv.unary.scalar.OneOfScalar;(return.price.taxes[return.policies.cancellation.numberOfNights-1]),/shopping/hotel-offers&getMultiHotelOffers&200&data&offers():::EXIT;return.price.taxes[return.policies.cancellation.numberOfNights-1] has only one value;daikon.inv.unary.scalar.OneOfScalar;(return.price.taxes[return.policies.cancellation.numberOfNights-1]),TRUE,/shopping/hotel-offers&getMultiHotelOffers&200&data&offers():::EXIT;return.price.taxes[return.policies.cancellation.numberOfNights-1] has only one value;daikon.inv.unary.scalar.OneOfScalar;(return.price.taxes[return.policies.cancellation.numberOfNights-1]),/shopping/hotel-offers&getMultiHotelOffers&200&data&offers():::EXIT;return.price.taxes[return.policies.cancellation.numberOfNights-1] has only one value;daikon.inv.unary.scalar.OneOfScalar;(return.price.taxes[return.policies.cancellation.numberOfNights-1]),TRUE,,,,,,,,,,,
/shopping/hotel-offers&getMultiHotelOffers&200&data&offers():::EXIT;input.adults >= size(return.policies.guarantee.acceptedPayments.methods[]);daikon.inv.binary.twoScalar.IntGreaterEqual;(input.adults,/shopping/hotel-offers&getMultiHotelOffers&200&data&offers():::EXIT;input.adults >= size(return.policies.guarantee.acceptedPayments.methods[]);daikon.inv.binary.twoScalar.IntGreaterEqual;(input.adults,TRUE,/shopping/hotel-offers&getMultiHotelOffers&200&data&offers():::EXIT;input.adults >= size(return.policies.guarantee.acceptedPayments.methods[]);daikon.inv.binary.twoScalar.IntGreaterEqual;(input.adults,/shopping/hotel-offers&getMultiHotelOffers&200&data&offers():::EXIT;input.adults >= size(return.policies.guarantee.acceptedPayments.methods[]);daikon.inv.binary.twoScalar.IntGreaterEqual;(input.adults,TRUE,,,,,,,,,,,
/shopping/hotel-offers&getMultiHotelOffers&200&data&offers():::EXIT;input.roomQuantity >= return.room.typeEstimated.beds;daikon.inv.binary.twoScalar.IntGreaterEqual;(input.roomQuantity,/shopping/hotel-offers&getMultiHotelOffers&200&data&offers():::EXIT;input.roomQuantity >= return.room.typeEstimated.beds;daikon.inv.binary.twoScalar.IntGreaterEqual;(input.roomQuantity,TRUE,/shopping/hotel-offers&getMultiHotelOffers&200&data&offers():::EXIT;input.roomQuantity >= return.room.typeEstimated.beds;daikon.inv.binary.twoScalar.IntGreaterEqual;(input.roomQuantity,/shopping/hotel-offers&getMultiHotelOffers&200&data&offers():::EXIT;input.roomQuantity >= return.room.typeEstimated.beds;daikon.inv.binary.twoScalar.IntGreaterEqual;(input.roomQuantity,TRUE,,,,,,,,,,,
/shopping/hotel-offers&getMultiHotelOffers&200&data&offers():::EXIT;input.roomQuantity >= size(return.policies.guarantee.acceptedPayments.methods[]);daikon.inv.binary.twoScalar.IntGreaterEqual;(input.roomQuantity,/shopping/hotel-offers&getMultiHotelOffers&200&data&offers():::EXIT;input.roomQuantity >= size(return.policies.guarantee.acceptedPayments.methods[]);daikon.inv.binary.twoScalar.IntGreaterEqual;(input.roomQuantity,TRUE,/shopping/hotel-offers&getMultiHotelOffers&200&data&offers():::EXIT;input.roomQuantity >= size(return.policies.guarantee.acceptedPayments.methods[]);daikon.inv.binary.twoScalar.IntGreaterEqual;(input.roomQuantity,/shopping/hotel-offers&getMultiHotelOffers&200&data&offers():::EXIT;input.roomQuantity >= size(return.policies.guarantee.acceptedPayments.methods[]);daikon.inv.binary.twoScalar.IntGreaterEqual;(input.roomQuantity,TRUE,,,,,,,,,,,
/shopping/hotel-offers&getMultiHotelOffers&200&data&offers():::EXIT;input.lang is a substring of return.self;daikon.inv.binary.twoString.StdString$SubString;(input.lang,/shopping/hotel-offers&getMultiHotelOffers&200&data&offers():::EXIT;input.lang is a substring of return.self;daikon.inv.binary.twoString.StdString$SubString;(input.lang,TRUE,/shopping/hotel-offers&getMultiHotelOffers&200&data&offers():::EXIT;input.lang is a substring of return.self;daikon.inv.binary.twoString.StdString$SubString;(input.lang,/shopping/hotel-offers&getMultiHotelOffers&200&data&offers():::EXIT;input.lang is a substring of return.self;daikon.inv.binary.twoString.StdString$SubString;(input.lang,TRUE,,,,,,,,,,,
/shopping/hotel-offers&getMultiHotelOffers&200&data&offers():::EXIT;return.category is a substring of return.room.description.text;daikon.inv.binary.twoString.StdString$SubString;(return.category,/shopping/hotel-offers&getMultiHotelOffers&200&data&offers():::EXIT;return.id is a substring of return.self;daikon.inv.binary.twoString.StdString$SubString;(return.id,TRUE,/shopping/hotel-offers&getMultiHotelOffers&200&data&offers():::EXIT;return.id is a substring of return.self;daikon.inv.binary.twoString.StdString$SubString;(return.id,/shopping/hotel-offers&getMultiHotelOffers&200&data&offers():::EXIT;return.id is a substring of return.self;daikon.inv.binary.twoString.StdString$SubString;(return.id,TRUE,,,,,,,,,,,
/shopping/hotel-offers&getMultiHotelOffers&200&data&offers():::EXIT;return.id is a substring of return.self;daikon.inv.binary.twoString.StdString$SubString;(return.id,/shopping/hotel-offers&getMultiHotelOffers&200&data&offers():::EXIT;return.category is a substring of return.room.description.text;daikon.inv.binary.twoString.StdString$SubString;(return.category,TRUE,/shopping/hotel-offers&getMultiHotelOffers&200&data&offers():::EXIT;return.category is a substring of return.room.description.text;daikon.inv.binary.twoString.StdString$SubString;(return.category,/shopping/hotel-offers&getMultiHotelOffers&200&data&offers():::EXIT;return.category is a substring of return.room.description.text;daikon.inv.binary.twoString.StdString$SubString;(return.category,TRUE,,,,,,,,,,,
/shopping/hotel-offers&getMultiHotelOffers&200&data&offers():::EXIT;return.room.typeEstimated.beds >= size(return.policies.guarantee.acceptedPayments.methods[]);daikon.inv.binary.twoScalar.IntGreaterEqual;(return.room.typeEstimated.beds,/shopping/hotel-offers&getMultiHotelOffers&200&data&offers():::EXIT;return.room.typeEstimated.beds >= size(return.policies.guarantee.acceptedPayments.methods[]);daikon.inv.binary.twoScalar.IntGreaterEqual;(return.room.typeEstimated.beds,TRUE,/shopping/hotel-offers&getMultiHotelOffers&200&data&offers():::EXIT;return.room.typeEstimated.beds >= size(return.policies.guarantee.acceptedPayments.methods[]);daikon.inv.binary.twoScalar.IntGreaterEqual;(return.room.typeEstimated.beds,/shopping/hotel-offers&getMultiHotelOffers&200&data&offers():::EXIT;return.room.typeEstimated.beds >= size(return.policies.guarantee.acceptedPayments.methods[]);daikon.inv.binary.twoScalar.IntGreaterEqual;(return.room.typeEstimated.beds,TRUE,,,,,,,,,,,
/shopping/hotel-offers&getMultiHotelOffers&200&data&offers():::EXIT;size(input.hotelIds[]) >= size(return.policies.guarantee.acceptedPayments.methods[]);daikon.inv.binary.twoScalar.IntGreaterEqual;(size(input.hotelIds[..]),/shopping/hotel-offers&getMultiHotelOffers&200&data&offers():::EXIT;size(input.hotelIds[]) >= size(return.policies.guarantee.acceptedPayments.methods[]);daikon.inv.binary.twoScalar.IntGreaterEqual;(size(input.hotelIds[..]),TRUE,/shopping/hotel-offers&getMultiHotelOffers&200&data&offers():::EXIT;size(input.hotelIds[]) >= size(return.policies.guarantee.acceptedPayments.methods[]);daikon.inv.binary.twoScalar.IntGreaterEqual;(size(input.hotelIds[..]),/shopping/hotel-offers&getMultiHotelOffers&200&data&offers():::EXIT;size(input.hotelIds[]) >= size(return.policies.guarantee.acceptedPayments.methods[]);daikon.inv.binary.twoScalar.IntGreaterEqual;(size(input.hotelIds[..]),TRUE,,,,,,,,,,,
/shopping/hotel-offers&getMultiHotelOffers&200&data&offers():::EXIT;size(return.policies.guarantee.acceptedPayments.creditCards[]) >= size(return.price.variations.changes[]);daikon.inv.binary.twoScalar.IntGreaterEqual;(size(return.policies.guarantee.acceptedPayments.creditCards[..]),/shopping/hotel-offers&getMultiHotelOffers&200&data&offers():::EXIT;size(return.price.taxes[]) >= size(return.policies.guarantee.acceptedPayments.methods[]);daikon.inv.binary.twoScalar.IntGreaterEqual;(size(return.price.taxes[..]),FALSE,/shopping/hotel-offers&getMultiHotelOffers&200&data&offers():::EXIT;size(return.price.taxes[]) >= size(return.policies.guarantee.acceptedPayments.methods[]);daikon.inv.binary.twoScalar.IntGreaterEqual;(size(return.price.taxes[..]),/shopping/hotel-offers&getMultiHotelOffers&200&data&offers():::EXIT;size(return.price.taxes[]) >= size(return.policies.guarantee.acceptedPayments.methods[]);daikon.inv.binary.twoScalar.IntGreaterEqual;(size(return.price.taxes[..]),TRUE,,,,,,,,,,,
/shopping/hotel-offers&getMultiHotelOffers&200&data&offers():::EXIT;size(return.policies.guarantee.acceptedPayments.methods[]) <= size(return.price.taxes[]);daikon.inv.binary.twoScalar.IntLessEqual;(size(return.policies.guarantee.acceptedPayments.methods[..]),/shopping/hotel-offers&getMultiHotelOffers&200&data&offers():::EXIT;size(return.price.variations.changes[]) <= size(return.policies.guarantee.acceptedPayments.creditCards[]);daikon.inv.binary.twoScalar.IntLessEqual;(size(return.price.variations.changes[..]),FALSE,/shopping/hotel-offers&getMultiHotelOffers&200&data&offers():::EXIT;size(return.price.variations.changes[]) <= size(return.policies.guarantee.acceptedPayments.creditCards[]);daikon.inv.binary.twoScalar.IntLessEqual;(size(return.price.variations.changes[..]),/shopping/hotel-offers&getMultiHotelOffers&200&data&offers():::EXIT;size(return.price.variations.changes[]) <= size(return.policies.guarantee.acceptedPayments.creditCards[]);daikon.inv.binary.twoScalar.IntLessEqual;(size(return.price.variations.changes[..]),TRUE,,,,,,,,,,,
/shopping/hotel-offers&getMultiHotelOffers&200&data&offers():::EXIT;size(return.policies.guarantee.acceptedPayments.methods[]) <= size(return.price.variations.changes[]);daikon.inv.binary.twoScalar.IntLessEqual;(size(return.policies.guarantee.acceptedPayments.methods[..]),/shopping/hotel-offers&getMultiHotelOffers&200&data&offers():::EXIT;size(return.price.variations.changes[]) >= size(return.policies.guarantee.acceptedPayments.methods[]);daikon.inv.binary.twoScalar.IntGreaterEqual;(size(return.price.variations.changes[..]),FALSE,/shopping/hotel-offers&getMultiHotelOffers&200&data&offers():::EXIT;size(return.price.variations.changes[]) >= size(return.policies.guarantee.acceptedPayments.methods[]);daikon.inv.binary.twoScalar.IntGreaterEqual;(size(return.price.variations.changes[..]),/shopping/hotel-offers&getMultiHotelOffers&200&data&offers():::EXIT;size(return.price.variations.changes[]) >= size(return.policies.guarantee.acceptedPayments.methods[]);daikon.inv.binary.twoScalar.IntGreaterEqual;(size(return.price.variations.changes[..]),TRUE,,,,,,,,,,,
/shopping/hotel-offers&getMultiHotelOffers&200():::ENTER;size(input.hotelIds[]) >= 1;daikon.inv.unary.scalar.LowerBound;(size(input.hotelIds[..])),/shopping/hotel-offers&getMultiHotelOffers&200&data():::ENTER;size(input.hotelIds[]) >= 1;daikon.inv.unary.scalar.LowerBound;(size(input.hotelIds[..])),TRUE,/shopping/hotel-offers&getMultiHotelOffers&200&data():::ENTER;size(input.hotelIds[]) >= 1;daikon.inv.unary.scalar.LowerBound;(size(input.hotelIds[..])),/shopping/hotel-offers&getMultiHotelOffers&200&data():::ENTER;size(input.hotelIds[]) >= 1;daikon.inv.unary.scalar.LowerBound;(size(input.hotelIds[..])),TRUE,,,,,,,,,,,
/shopping/hotel-offers&getMultiHotelOffers&200():::EXIT;return.data.hotel == null;daikon.inv.unary.scalar.OneOfScalar;(return.data.hotel),/shopping/hotel-offers&getMultiHotelOffers&200&data():::EXIT;return.type == "hotel-offers";daikon.inv.unary.string.OneOfString;(return.type),FALSE,/shopping/hotel-offers&getMultiHotelOffers&200&data():::EXIT;return.type == "hotel-offers";daikon.inv.unary.string.OneOfString;(return.type),/shopping/hotel-offers&getMultiHotelOffers&200&data():::EXIT;return.type == "hotel-offers";daikon.inv.unary.string.OneOfString;(return.type),TRUE,,,,,,,,,,,
/shopping/hotel-offers&getMultiHotelOffers&200():::EXIT;return.data.offers == null;daikon.inv.unary.scalar.OneOfScalar;(return.data.offers),/shopping/hotel-offers&getMultiHotelOffers&200&data():::EXIT;LENGTH(return.type)==12;daikon.inv.unary.string.FixedLengthString;(return.type),FALSE,/shopping/hotel-offers&getMultiHotelOffers&200&data():::EXIT;LENGTH(return.type)==12;daikon.inv.unary.string.FixedLengthString;(return.type),/shopping/hotel-offers&getMultiHotelOffers&200&data():::EXIT;LENGTH(return.type)==12;daikon.inv.unary.string.FixedLengthString;(return.type),TRUE,,,,,,,,,,,
/shopping/hotel-offers&getMultiHotelOffers&200():::EXIT;size(input.hotelIds[]) >= 1;daikon.inv.unary.scalar.LowerBound;(size(input.hotelIds[..])),/shopping/hotel-offers&getMultiHotelOffers&200&data():::EXIT;return.self is Url;daikon.inv.unary.string.IsUrl;(return.self),TRUE,/shopping/hotel-offers&getMultiHotelOffers&200&data():::EXIT;return.self is Url;daikon.inv.unary.string.IsUrl;(return.self),/shopping/hotel-offers&getMultiHotelOffers&200&data():::EXIT;return.self is Url;daikon.inv.unary.string.IsUrl;(return.self),TRUE,,,,,,,,,,,
,/shopping/hotel-offers&getMultiHotelOffers&200&data():::EXIT;LENGTH(return.hotel.hotelId)==8;daikon.inv.unary.string.FixedLengthString;(return.hotel.hotelId),FALSE,/shopping/hotel-offers&getMultiHotelOffers&200&data():::EXIT;LENGTH(return.hotel.hotelId)==8;daikon.inv.unary.string.FixedLengthString;(return.hotel.hotelId),/shopping/hotel-offers&getMultiHotelOffers&200&data():::EXIT;LENGTH(return.hotel.chainCode)==2;daikon.inv.unary.string.FixedLengthString;(return.hotel.chainCode),FALSE,,,,,,,,,,,
,/shopping/hotel-offers&getMultiHotelOffers&200&data():::EXIT;LENGTH(return.hotel.chainCode)==2;daikon.inv.unary.string.FixedLengthString;(return.hotel.chainCode),FALSE,/shopping/hotel-offers&getMultiHotelOffers&200&data():::EXIT;LENGTH(return.hotel.chainCode)==2;daikon.inv.unary.string.FixedLengthString;(return.hotel.chainCode),/shopping/hotel-offers&getMultiHotelOffers&200&data():::EXIT;LENGTH(return.hotel.dupeId)==9;daikon.inv.unary.string.FixedLengthString;(return.hotel.dupeId),TRUE,,,,,,,,,,,
,/shopping/hotel-offers&getMultiHotelOffers&200&data():::EXIT;LENGTH(return.hotel.dupeId)==9;daikon.inv.unary.string.FixedLengthString;(return.hotel.dupeId),FALSE,/shopping/hotel-offers&getMultiHotelOffers&200&data():::EXIT;LENGTH(return.hotel.dupeId)==9;daikon.inv.unary.string.FixedLengthString;(return.hotel.dupeId),/shopping/hotel-offers&getMultiHotelOffers&200&data():::EXIT;return.hotel.dupeId is Numeric;daikon.inv.unary.string.IsNumeric;(return.hotel.dupeId),TRUE,,,,,,,,,,,
,/shopping/hotel-offers&getMultiHotelOffers&200&data():::EXIT;return.hotel.dupeId is Numeric;daikon.inv.unary.string.IsNumeric;(return.hotel.dupeId),FALSE,/shopping/hotel-offers&getMultiHotelOffers&200&data():::EXIT;return.hotel.dupeId is Numeric;daikon.inv.unary.string.IsNumeric;(return.hotel.dupeId),/shopping/hotel-offers&getMultiHotelOffers&200&data():::EXIT;LENGTH(return.hotel.cityCode)==3;daikon.inv.unary.string.FixedLengthString;(return.hotel.cityCode),TRUE,,,,,,,,,,,
,/shopping/hotel-offers&getMultiHotelOffers&200&data():::EXIT;LENGTH(return.hotel.cityCode)==3;daikon.inv.unary.string.FixedLengthString;(return.hotel.cityCode),FALSE,/shopping/hotel-offers&getMultiHotelOffers&200&data():::EXIT;LENGTH(return.hotel.cityCode)==3;daikon.inv.unary.string.FixedLengthString;(return.hotel.cityCode),/shopping/hotel-offers&getMultiHotelOffers&200&data():::EXIT;return.hotel.type == "hotel";daikon.inv.unary.string.OneOfString;(return.hotel.type),TRUE,,,,,,,,,,,
,/shopping/hotel-offers&getMultiHotelOffers&200&data():::EXIT;return.hotel.type == "hotel";daikon.inv.unary.string.OneOfString;(return.hotel.type),FALSE,/shopping/hotel-offers&getMultiHotelOffers&200&data():::EXIT;return.hotel.type == "hotel";daikon.inv.unary.string.OneOfString;(return.hotel.type),/shopping/hotel-offers&getMultiHotelOffers&200&data():::EXIT;LENGTH(return.hotel.type)==5;daikon.inv.unary.string.FixedLengthString;(return.hotel.type),TRUE,,,,,,,,,,,
,/shopping/hotel-offers&getMultiHotelOffers&200&data():::EXIT;LENGTH(return.hotel.type)==5;daikon.inv.unary.string.FixedLengthString;(return.hotel.type),FALSE,/shopping/hotel-offers&getMultiHotelOffers&200&data():::EXIT;LENGTH(return.hotel.type)==5;daikon.inv.unary.string.FixedLengthString;(return.hotel.type),/shopping/hotel-offers&getMultiHotelOffers&200&data():::EXIT;size(input.hotelIds[]) >= 1;daikon.inv.unary.scalar.LowerBound;(size(input.hotelIds[..])),TRUE,,,,,,,,,,,
,/shopping/hotel-offers&getMultiHotelOffers&200&data():::EXIT;size(input.hotelIds[]) >= 1;daikon.inv.unary.scalar.LowerBound;(size(input.hotelIds[..])),FALSE,/shopping/hotel-offers&getMultiHotelOffers&200&data():::EXIT;size(input.hotelIds[]) >= 1;daikon.inv.unary.scalar.LowerBound;(size(input.hotelIds[..])),/shopping/hotel-offers&getMultiHotelOffers&200&data():::EXIT;size(return.offers[]) >= 1;daikon.inv.unary.scalar.LowerBound;(size(return.offers[..])),TRUE,,,,,,,,,,,
,/shopping/hotel-offers&getMultiHotelOffers&200&data():::EXIT;size(return.offers[]) >= 1;daikon.inv.unary.scalar.LowerBound;(size(return.offers[..])),FALSE,/shopping/hotel-offers&getMultiHotelOffers&200&data():::EXIT;size(return.offers[]) >= 1;daikon.inv.unary.scalar.LowerBound;(size(return.offers[..])),/shopping/hotel-offers&getMultiHotelOffers&200&data():::EXIT;return.hotel.hotelId in input.hotelIds[];daikon.inv.binary.sequenceString.MemberString;(input.hotelIds[..],TRUE,,,,,,,,,,,
,/shopping/hotel-offers&getMultiHotelOffers&200&data():::EXIT;return.hotel.hotelId in input.hotelIds[];daikon.inv.binary.sequenceString.MemberString;(input.hotelIds[..],FALSE,/shopping/hotel-offers&getMultiHotelOffers&200&data():::EXIT;return.hotel.hotelId in input.hotelIds[];daikon.inv.binary.sequenceString.MemberString;(input.hotelIds[..],/shopping/hotel-offers&getMultiHotelOffers&200&data():::EXIT;input.checkInDate is a substring of return.self;daikon.inv.binary.twoString.StdString$SubString;(input.checkInDate,TRUE,,,,,,,,,,,
,/shopping/hotel-offers&getMultiHotelOffers&200&data():::EXIT;input.checkInDate is a substring of return.self;daikon.inv.binary.twoString.StdString$SubString;(input.checkInDate,FALSE,/shopping/hotel-offers&getMultiHotelOffers&200&data():::EXIT;input.checkInDate is a substring of return.self;daikon.inv.binary.twoString.StdString$SubString;(input.checkInDate,/shopping/hotel-offers&getMultiHotelOffers&200&data():::EXIT;input.checkOutDate is a substring of return.self;daikon.inv.binary.twoString.StdString$SubString;(input.checkOutDate,TRUE,,,,,,,,,,,
,/shopping/hotel-offers&getMultiHotelOffers&200&data():::EXIT;input.checkOutDate is a substring of return.self;daikon.inv.binary.twoString.StdString$SubString;(input.checkOutDate,FALSE,/shopping/hotel-offers&getMultiHotelOffers&200&data():::EXIT;input.checkOutDate is a substring of return.self;daikon.inv.binary.twoString.StdString$SubString;(input.checkOutDate,/shopping/hotel-offers&getMultiHotelOffers&200&data():::EXIT;input.countryOfResidence is a substring of return.self;daikon.inv.binary.twoString.StdString$SubString;(input.countryOfResidence,TRUE,,,,,,,,,,,
,/shopping/hotel-offers&getMultiHotelOffers&200&data():::EXIT;input.countryOfResidence is a substring of return.self;daikon.inv.binary.twoString.StdString$SubString;(input.countryOfResidence,FALSE,/shopping/hotel-offers&getMultiHotelOffers&200&data():::EXIT;input.countryOfResidence is a substring of return.self;daikon.inv.binary.twoString.StdString$SubString;(input.countryOfResidence,/shopping/hotel-offers&getMultiHotelOffers&200&data():::EXIT;input.currency is a substring of return.self;daikon.inv.binary.twoString.StdString$SubString;(input.currency,TRUE,,,,,,,,,,,
,/shopping/hotel-offers&getMultiHotelOffers&200&data():::EXIT;input.currency is a substring of return.self;daikon.inv.binary.twoString.StdString$SubString;(input.currency,FALSE,/shopping/hotel-offers&getMultiHotelOffers&200&data():::EXIT;input.currency is a substring of return.self;daikon.inv.binary.twoString.StdString$SubString;(input.currency,/shopping/hotel-offers&getMultiHotelOffers&200&data():::EXIT;input.paymentPolicy is a substring of return.self;daikon.inv.binary.twoString.StdString$SubString;(input.paymentPolicy,TRUE,,,,,,,,,,,
,/shopping/hotel-offers&getMultiHotelOffers&200&data():::EXIT;input.paymentPolicy is a substring of return.self;daikon.inv.binary.twoString.StdString$SubString;(input.paymentPolicy,FALSE,/shopping/hotel-offers&getMultiHotelOffers&200&data():::EXIT;input.paymentPolicy is a substring of return.self;daikon.inv.binary.twoString.StdString$SubString;(input.paymentPolicy,/shopping/hotel-offers&getMultiHotelOffers&200&data():::EXIT;input.boardType is a substring of return.self;daikon.inv.binary.twoString.StdString$SubString;(input.boardType,TRUE,,,,,,,,,,,
,/shopping/hotel-offers&getMultiHotelOffers&200&data():::EXIT;input.boardType is a substring of return.self;daikon.inv.binary.twoString.StdString$SubString;(input.boardType,FALSE,/shopping/hotel-offers&getMultiHotelOffers&200&data():::EXIT;input.boardType is a substring of return.self;daikon.inv.binary.twoString.StdString$SubString;(input.boardType,/shopping/hotel-offers&getMultiHotelOffers&200&data():::EXIT;input.lang is a substring of return.self;daikon.inv.binary.twoString.StdString$SubString;(input.lang,TRUE,,,,,,,,,,,
,/shopping/hotel-offers&getMultiHotelOffers&200&data():::EXIT;input.lang is a substring of return.self;daikon.inv.binary.twoString.StdString$SubString;(input.lang,FALSE,/shopping/hotel-offers&getMultiHotelOffers&200&data():::EXIT;input.lang is a substring of return.self;daikon.inv.binary.twoString.StdString$SubString;(input.lang,/shopping/hotel-offers&getMultiHotelOffers&200&data():::EXIT;return.type is a substring of return.self;daikon.inv.binary.twoString.StdString$SubString;(return.type,TRUE,,,,,,,,,,,
,/shopping/hotel-offers&getMultiHotelOffers&200&data():::EXIT;return.type is a substring of return.self;daikon.inv.binary.twoString.StdString$SubString;(return.type,FALSE,/shopping/hotel-offers&getMultiHotelOffers&200&data():::EXIT;return.type is a substring of return.self;daikon.inv.binary.twoString.StdString$SubString;(return.type,/shopping/hotel-offers&getMultiHotelOffers&200&data():::EXIT;return.hotel.type is a substring of return.type;daikon.inv.binary.twoString.StdString$SubString;(return.type,TRUE,,,,,,,,,,,
,/shopping/hotel-offers&getMultiHotelOffers&200&data():::EXIT;return.hotel.type is a substring of return.type;daikon.inv.binary.twoString.StdString$SubString;(return.type,FALSE,/shopping/hotel-offers&getMultiHotelOffers&200&data():::EXIT;return.hotel.type is a substring of return.type;daikon.inv.binary.twoString.StdString$SubString;(return.type,/shopping/hotel-offers&getMultiHotelOffers&200&data():::EXIT;return.hotel.hotelId is a substring of return.self;daikon.inv.binary.twoString.StdString$SubString;(return.self,TRUE,,,,,,,,,,,
,/shopping/hotel-offers&getMultiHotelOffers&200&data():::EXIT;return.hotel.hotelId is a substring of return.self;daikon.inv.binary.twoString.StdString$SubString;(return.self,FALSE,/shopping/hotel-offers&getMultiHotelOffers&200&data():::EXIT;return.hotel.hotelId is a substring of return.self;daikon.inv.binary.twoString.StdString$SubString;(return.self,/shopping/hotel-offers&getMultiHotelOffers&200&data():::EXIT;return.hotel.chainCode is a substring of return.hotel.hotelId;daikon.inv.binary.twoString.StdString$SubString;(return.hotel.hotelId,TRUE,,,,,,,,,,,
,/shopping/hotel-offers&getMultiHotelOffers&200&data():::EXIT;return.hotel.chainCode is a substring of return.hotel.hotelId;daikon.inv.binary.twoString.StdString$SubString;(return.hotel.hotelId,FALSE,/shopping/hotel-offers&getMultiHotelOffers&200&data():::EXIT;return.hotel.chainCode is a substring of return.hotel.hotelId;daikon.inv.binary.twoString.StdString$SubString;(return.hotel.hotelId,/shopping/hotel-offers&getMultiHotelOffers&200&data():::EXIT;return.hotel.cityCode is a substring of return.hotel.hotelId;daikon.inv.binary.twoString.StdString$SubString;(return.hotel.hotelId,TRUE,,,,,,,,,,,
,/shopping/hotel-offers&getMultiHotelOffers&200&data():::EXIT;return.hotel.cityCode is a substring of return.hotel.hotelId;daikon.inv.binary.twoString.StdString$SubString;(return.hotel.hotelId,FALSE,/shopping/hotel-offers&getMultiHotelOffers&200&data():::EXIT;return.hotel.cityCode is a substring of return.hotel.hotelId;daikon.inv.binary.twoString.StdString$SubString;(return.hotel.hotelId,/shopping/hotel-offers&getMultiHotelOffers&200():::ENTER;size(input.hotelIds[]) >= 1;daikon.inv.unary.scalar.LowerBound;(size(input.hotelIds[..])),TRUE,,,,,,,,,,,
,/shopping/hotel-offers&getMultiHotelOffers&200():::ENTER;size(input.hotelIds[]) >= 1;daikon.inv.unary.scalar.LowerBound;(size(input.hotelIds[..])),FALSE,/shopping/hotel-offers&getMultiHotelOffers&200():::ENTER;size(input.hotelIds[]) >= 1;daikon.inv.unary.scalar.LowerBound;(size(input.hotelIds[..])),/shopping/hotel-offers&getMultiHotelOffers&200():::EXIT;size(input.hotelIds[]) >= 1;daikon.inv.unary.scalar.LowerBound;(size(input.hotelIds[..])),TRUE,,,,,,,,,,,
,/shopping/hotel-offers&getMultiHotelOffers&200():::EXIT;size(input.hotelIds[]) >= 1;daikon.inv.unary.scalar.LowerBound;(size(input.hotelIds[..])),FALSE,/shopping/hotel-offers&getMultiHotelOffers&200():::EXIT;size(input.hotelIds[]) >= 1;daikon.inv.unary.scalar.LowerBound;(size(input.hotelIds[..])),/shopping/hotel-offers&getMultiHotelOffers&200():::EXIT;size(input.hotelIds[]) >= size(return.data[]);daikon.inv.binary.twoScalar.IntGreaterEqual;(size(input.hotelIds[..]),TRUE,,,,,,,,,,,
,/shopping/hotel-offers&getMultiHotelOffers&200():::EXIT;size(input.hotelIds[]) >= size(return.data[]);daikon.inv.binary.twoScalar.IntGreaterEqual;(size(input.hotelIds[..]),FALSE,/shopping/hotel-offers&getMultiHotelOffers&200():::EXIT;size(input.hotelIds[]) >= size(return.data[]);daikon.inv.binary.twoScalar.IntGreaterEqual;(size(input.hotelIds[..]),,TRUE,,,,,,,,,,,
